<?xml version='1.0' encoding='utf-8'?>
<!DOCTYPE hibernate-configuration PUBLIC
    "-//Hibernate/Hibernate Configuration DTD//EN"
    "http://www.hibernate.org/dtd/hibernate-configuration-3.0.dtd">
<hibernate-configuration>
  <session-factory>
    <property name="connection.url">jdbc:mysql://localhost:3306/northwind?useSSL=false&amp;serverTimezone=UTC</property>
    <property name="connection.driver_class">com.mysql.cj.jdbc.Driver</property>
    <property name="connection.username">root</property>
    <property name="connection.password"></property>
    <!-- DB schema will be updated if needed -->
    <!-- <property name="hibernate.hbm2ddl.auto">update</property> -->
    <!-- Dialecto de MySQL para Hibernate 6 -->
    <property name="hibernate.dialect">org.hibernate.dialect.MySQLDialect</property>

    <!-- Mostrar SQL en consola (opcional) -->
    <property name="hibernate.show_sql">false</property>
    <property name="hibernate.format_sql">false</property>

    <mapping class="org.cebem.Category" />
    <mapping class="org.cebem.Supplier" />
    <mapping class="org.cebem.Product" />
    <mapping class="org.cebem.Territory" />
    <mapping class="org.cebem.EmployeeTerritory" />
    <mapping class="org.cebem.Employee" />
    <mapping class="org.cebem.Region" />


  </session-factory>
</hibernate-configuration>